B0,B0,B0,B0,B0,B0,B0,B0,B0,B0,B0,B0,B0,B0,B0,B0,B0,B0,B0,B0,B0,B0,B0,B0,B0,B0,B0,B0,B0,B0,B0,B0,B0,B0,B0,B0,B0,B0,B0,B0,B0,B0,B0,B0,B0,B0,B0,B0,B0,B0,B0,B0,B0,B0,B0,B0,B0,B0,B0,B0,B0,B0,B0,B0,B0,B0,B0,B0,B0,B0,B0,B0,B0,B0,B0,B0,B0,B0,B0,B0,B0,B0,B0,B0,B0,B0,B0,B0,B0,B0,B0,B0,B0,B0,B0,B0,B0,B0,B0,B0
B0,B0,B0,B0,B0,B0,B0,B0,B0,B0,B0,B0,B0,B0,B0,B0,B0,B0,B0,B0,B0,B0,B0,B0,B0,B0,B0,B0,B0,B0,B0,B0,B0,B0,B0,,,,,,B1,,,,,,,,,,,,,,,,,,,,,,,,,,,,,,B1,,,,,,,,B0,B0,,,,,,,,,,,,,,,,,,,,B0
B0,B0,B0,B0,B0,,,,,,,,,,,,,,,,,,,,,,,,,,,,B0,B0,B0,,,,,,B1,,,,,,,,,,,,,,,,,,,,,,,,,,,,,,B1,,,,,,,,B0,B0,,,,,,,,,,,,,,,,,,,,B0
B0,B0,B0,B0,,,,,,,,,,,,,,,,,,,,,,,,,,,,,B0,B0,B0,,,,,,B1,,,,,,,,,,,,,,,,,,,,,,,,,,,,,,B0,B0,B0,,,,,,B0,B0,,,,,,,,,,,,,,,,,,,,B0
B0,B0,B0,,,,,,,,,,,,,,,,,,,,,,,,,,,,,,B0,B0,B0,,,,,B0,B0,B0,B0,B0,B0,B0,B0,B0,B0,B0,B0,,,,,,,,,,,,,,B0,B0,B0,,,B0,B0,B0,B0,,,,,,B0,B0,,,,,,,,,,,,,,,,,,,,B0
B0,B0,,,,,,,,,,,,,,,,,,,,,,,,,,,,,,,B0,B0,B0,,,B0,B0,B0,B0,B0,B0,B0,B0,B0,B0,B0,B0,B0,B0,,,E1,,,,,E1,,,,,,B0,B0,B0,,,,B0,B0,B0,,,,,,B0,B0,,,,,,,,,,,,,,,,,,,,B0
B0,B0,,,,,,,,,,,,,,,,,,,,,,,,,,,,,,,,B1,,,,,,B0,B0,B0,,,,,,,B0,B0,B0,B0,B0,B0,B0,B0,B0,B0,B0,B0,B0,B0,B0,B0,B0,B0,B0,,,,B0,B0,B0,,,,,,B0,B0,,,,,,,,,,,,,,,,,,,,B0
B0,B0,,,,,,,,,,,,,,,,,,,,,,,,,,,,,,,,B1,,,,,,,B2,,,,,,,,B0,B0,B0,B0,B0,B0,B0,B0,B0,B0,B0,B0,B0,B0,B0,B0,B0,B0,B0,B0,,,B0,B0,B0,,,,,,B0,B0,,,,,,,,,,,,,,,,,,,,B0
B0,B0,,,,,B0,,,,E0,,,,E0,,,,,E0,,,,B0,,,E0,,,,,,,B1,,,,,,,B2,,,,,,,,,B1,,,,,,,,,,,,,,,,B2,,,,,B0,B0,B0,,,,,,B0,B0,,,,,,,,,,,,,,,,,,,,B0
B0,B0,B0,,,B0,B0,B0,B0,B0,B0,B0,B0,B0,B0,B0,B0,B0,B0,B0,B0,B0,B0,B0,B0,B0,B0,B0,B0,B0,B0,B0,B0,B0,B0,B0,B0,B0,,,B2,,,,,,,,,B1,,B0,B0,B0,B0,B0,B0,B0,B0,B0,B0,B0,B0,,,B2,,,,,B0,B0,B0,,,,,,B0,B0,,,,,,,,,,,,,,,,,,,,B0
B0,B0,B0,,,,B1,,,,,,,,,,,,,,,,,B1,,,,,,,,,B0,B0,,,B1,B2,,B0,B0,B0,,,,,,,,B0,B0,B0,B0,,,,,,,,,B0,B0,B0,,B2,,,,B0,B0,,B1,,,,,,B0,B0,,,,,,,,,,,,,,,,,,,,B0
B0,B0,B0,,,,B1,,,,,,,,,,,,,,,,,B1,,,,,,,,,B0,B0,,,B0,B0,B0,B0,B0,B0,E1,,,,E1,,B0,B0,B0,B0,,,,,,,,,,,B0,B0,B0,B0,B0,,,,B0,,B1,,,E1,,,B0,B0,,,,,,,,,,,,,,,,,,,,B0
B0,B0,B0,,,,B1,,,,,,,,,,,,,,,,,B1,,,,,,,,,B0,B0,,,,,,B0,B0,B0,B0,B0,B0,B0,B0,B0,B0,B0,B0,,,,B0,B0,B0,B0,B0,,,,,B0,B0,B0,B0,,,,B0,,B0,B0,B0,B0,B0,B0,B0,B0,,,,,,,,,,,,,,,,,,,,B0
B0,B0,B0,B0,B0,B0,B0,B0,B0,E0,,,,B0,,,B0,E0,,,,B0,B0,B0,B0,,,,,,,,B0,B0,,,,,,B0,B0,B0,B0,B0,B0,B0,B0,B0,B0,B0,B0,,,B0,B0,B0,B0,B0,B0,B0,,,,,,B0,B0,B0,,,B2,,,,,,,,B0,B0,,,,,,,,,,,,,,,,,,,,B0
B0,,,,,,B0,B0,B0,B0,B0,B0,B0,B0,,,B0,B0,B0,B0,B0,B0,B0,B0,B0,,,,,,,,B0,B0,,,,,,B0,B0,,,,,,,,B0,B0,B0,,,B0,B0,B0,B0,B0,B0,B0,B0,,,,,B0,B0,,,,B2,,,,,,,,B0,B0,,,,,,,,,,,,,,,,,,,,B0
B0,,,,,,,,,,,,,,,,,,,,,B0,B0,B0,B0,,,,,,,,B0,B0,B0,B0,,,,,,,,,,,,,,B1,,,,,,,B0,B0,B0,,,,,,,B0,B0,,,,B2,,,,,,,,B0,B0,,,,,,,,,,,,,,,,,,,,B0
B0,,P0,,,,,,,,,,,,,,,,,,,,,,,,,,,,,,,B1,,,,,,,,,,,,,,,,B1,,,,,,,B0,B0,B0,,,,,,,B0,B0,B0,B0,B0,B0,,,,,,,,B0,B0,,,,,,,,,,,,,,,,,,,,B0
B0,,,,,,,,,,,,,,,,,,,,,,,,,,,,,A0,,,,B1,,,,,,,,,,,,,,,,B1,,,,,,,B0,B0,B0,,,,,A1,,B2,B2,,,,B0,B0,,,,A2,,,B0,B0,,,,,,,,,,,,,,,,,,,,B0
B0,B0,B0,B0,B0,B0,B0,B0,B0,B0,,,E0,,,,,,E0,,,,,,,,,,B0,B0,B0,,,B1,,,,,,B0,B0,,,,E0,,E0,,B0,B0,B0,,,E0,,,B0,B0,B0,,,,B0,B0,B0,B0,B0,,,,B0,B0,B0,,B0,B0,B0,,B0,B0,,,,,,,,,,,,,,,,,,,,B0
B0,B0,B0,B0,B0,B0,B0,B0,B0,B0,B0,B0,B0,B0,B0,B0,B0,B0,B0,B0,B0,B0,B0,B0,B0,B0,B0,B0,B0,B0,B0,B0,B0,B0,B0,B0,,,B0,B0,B0,B0,B0,B0,B0,B0,B0,B0,B0,B0,B0,B0,B0,B0,B0,B0,B0,B0,B0,,,B0,B0,B0,B0,B0,B0,,,,B0,B0,B0,B0,B0,B0,B0,B0,B0,B0,B0,B0,B0,B0,B0,B0,B0,B0,B0,B0,B0,B0,B0,B0,B0,B0,B0,B0,B0,B0
B0,B0,B0,B0,B0,B0,B0,B0,B0,B0,B0,B0,B0,B0,B0,B0,B0,B0,B0,B0,B0,B0,B0,B0,B0,B0,B0,B0,B0,B0,B0,B0,B0,B0,B0,B0,,,B0,B0,B0,B0,B0,B0,B0,B0,B0,B0,B0,B0,B0,B0,B0,B0,B0,B0,B0,B0,B0,,,B0,B0,B0,B0,B0,B0,,,,B0,B0,B0,B0,B0,B0,B0,B0,B0,B0,B0,B0,B0,B0,B0,B0,B0,B0,B0,B0,B0,B0,B0,B0,B0,B0,B0,,,B0
B0,,,,,,,,,,,,,,,,,,,,,,,,,,,,,B0,,,,B2,,,,,,,B1,,,,,B1,B1,,,,,,,,,,,,,,B0,B0,B0,B0,,,,,,,B0,,,,,,,,,,,,,,,,,,,,,,,,,,,,,B0
B0,,,,,,,,,,,,,,,,,,,,,,,,,,,,,B0,,,,B2,,,,,,B1,B1,B1,,,,,,,,,,,,,,,,,,,B0,B0,B0,B0,,,,,,,B0,,,,,,,,,,,,,,,,,,,,,,,,,,,,,B0
B0,,,,,,,,,,,,,,,,,,,,,,,,,,,,,B0,,G0,,B2,,,,,,B1,B1,B1,,,E0,,,,B1,B1,B1,,,E0,,,,,,B0,B0,B0,B0,B0,,,,,,,B0,,,,,,,,,,,,,,,,,,,,,,,,,,,,,B0
B0,,,,,,,,,,,,,,,,,,,,,,,,,,,,,B0,B0,B0,B0,B0,B0,B0,B0,B0,B0,B0,B0,B0,B0,B0,B0,B0,B0,B0,B0,B0,B0,B0,B0,B0,B0,B0,B0,B0,B0,B0,B0,B0,B0,B0,,,B0,B0,B0,B0,B0,,,,,,,,,,,,,,,,,,,,,,,,,,,,,B0
B0,,,,,,,,,,,,,,,,,,,,,,,,,,,,,,,,,,,,,,,,,,,,,,,,,,,,,,,,,,,,,,,,,,,,,,,,,,,,,,,,,,,,,,,,,,,,,,,,,,,B0
B0,,,,,,,,,,,,,,,,,,,,,,,,,,,,,,,,,,,,,,,,,,,,,,,,,,,,,,,,,,,,,,,,,,,,,,,,,,,,,,,,,,,,,,,,,,,,,,,,,,,B0
B0,,,,,,,,,,,,,,,,,,,,,,,,,,,,,,,,,,,,,,,,,,,,,,,,,,,,,,,,,,,,,,,,,,,,,,,,,,,,,,,,,,,,,,,,,,,,,,,,,,,B0
B0,,,,,,,,,,,,,,,,,,,,,,,,,,,,,,,,,,,,,,,,,,,,,,,,,,,,,,,,,,,,,,,,,,,,,,,,,,,,,,,,,,,,,,,,,,,,,,,,,,,B0
B0,,,,,,,,,,,,,,,,,,,,,,,,,,,,,,,,,,,,,,,,,,,,,,,,,,,,,,,,,,,,,,,,,,,,,,,,,,,,,,,,,,,,,,,,,,,,,,,,,,,B0
B0,,,,,,,,,,,,,,,,,,,,,,,,,,,,,,,,,,,,,,,,,,,,,,,,,,,,,,,,,,,,,,,,,,,,,,,,,,,,,,,,,,,,,,,,,,,,,,,,,,,B0
B0,,,,,,,,,,,,,,,,,,,,,,,,,,,,,,,,,,,,,,,,,,,,,,,,,,,,,,,,,,,,,,,,,,,,,,,,,,,,,,,,,,,,,,,,,,,,,,,,,,,B0
B0,,,,,,,,,,,,,,,,,,,,,,,,,,,,,,,,,,,,,,,,,,,,,,,,,,,,,,,,,,,,,,,,,,,,,,,,,,,,,,,,,,,,,,,,,,,,,,,,,,,B0
B0,,,,,,,,,,,,,,,,,,,,,,,,,,,,,,,,,,,,,,,,,,,,,,,,,,,,,,,,,,,,,,,,,,,,,,,,,,,,,,,,,,,,,,,,,,,,,,,,,,,B0
B0,,,,,,,,,,,,,,,,,,,,,,,,,,,,,,,,,,,,,,,,,,,,,,,,,,,,,,,,,,,,,,,,,,,,,,,,,,,,,,,,,,,,,,,,,,,,,,,,,,,B0
B0,,,,,,,,,,,,,,,,,,,,,,,,,,,,,,,,,,,,,,,,,,,,,,,,,,,,,,,,,,,,,,,,,,,,,,,,,,,,,,,,,,,,,,,,,,,,,,,,,,,B0
B0,,,,,,,,,,,,,,,,,,,,,,,,,,,,,,,,,,,,,,,,,,,,,,,,,,,,,,,,,,,,,,,,,,,,,,,,,,,,,,,,,,,,,,,,,,,,,,,,,,,B0
B0,,,,,,,,,,,,,,,,,,,,,,,,,,,,,,,,,,,,,,,,,,,,,,,,,,,,,,,,,,,,,,,,,,,,,,,,,,,,,,,,,,,,,,,,,,,,,,,,,,,B0
B0,,,,,,,,,,,,,,,,,,,,,,,,,,,,,,,,,,,,,,,,,,,,,,,,,,,,,,,,,,,,,,,,,,,,,,,,,,,,,,,,,,,,,,,,,,,,,,,,,,,B0
B0,B0,B0,B0,B0,B0,B0,B0,B0,B0,B0,B0,B0,B0,B0,B0,B0,B0,B0,B0,B0,B0,B0,B0,B0,B0,B0,B0,B0,B0,B0,B0,B0,B0,B0,B0,B0,B0,B0,B0,B0,B0,B0,B0,B0,B0,B0,B0,B0,B0,B0,B0,B0,B0,B0,B0,B0,B0,B0,B0,B0,B0,B0,B0,B0,B0,B0,B0,B0,B0,B0,B0,B0,B0,B0,B0,B0,B0,B0,B0,B0,B0,B0,B0,B0,B0,B0,B0,B0,B0,B0,B0,B0,B0,B0,B0,B0,B0,B0,B0
